baseline_commit,candidate_commit,case,workers,variant,status,warmups,measured_repeats,median_seconds,min_seconds,max_seconds,iterations,error
0319e7a1166f5e8269f61c8507383b9115222a66,12b6df00d43140d8ccf8ddc36308ca3f4426b626,small,1,before,converged,1,5,0.004410667,0.004204334,0.00451925,7,
0319e7a1166f5e8269f61c8507383b9115222a66,12b6df00d43140d8ccf8ddc36308ca3f4426b626,few_levels,1,before,build_failed,0,0,,,,,UnscalableComponent: terms 1/2
0319e7a1166f5e8269f61c8507383b9115222a66,12b6df00d43140d8ccf8ddc36308ca3f4426b626,panel,1,before,converged,1,5,0.292652292,0.284238584,0.303674167,17,
0319e7a1166f5e8269f61c8507383b9115222a66,12b6df00d43140d8ccf8ddc36308ca3f4426b626,many_levels,1,before,converged,1,5,0.344432,0.338399125,0.347165667,33,
0319e7a1166f5e8269f61c8507383b9115222a66,12b6df00d43140d8ccf8ddc36308ca3f4426b626,small,1,after,converged,1,5,0.006303333,0.005525208,0.008430125,7,
0319e7a1166f5e8269f61c8507383b9115222a66,12b6df00d43140d8ccf8ddc36308ca3f4426b626,few_levels,1,after,build_failed,0,0,,,,,UnscalableComponent: terms 1/2
0319e7a1166f5e8269f61c8507383b9115222a66,12b6df00d43140d8ccf8ddc36308ca3f4426b626,panel,1,after,converged,1,5,0.272365917,0.266312375,0.275069084,17,
0319e7a1166f5e8269f61c8507383b9115222a66,12b6df00d43140d8ccf8ddc36308ca3f4426b626,many_levels,1,after,converged,1,5,0.345783083,0.341262084,0.34741725,33,
0319e7a1166f5e8269f61c8507383b9115222a66,12b6df00d43140d8ccf8ddc36308ca3f4426b626,small,8,before,converged,1,5,0.0031915,0.003165125,0.00337425,7,
0319e7a1166f5e8269f61c8507383b9115222a66,12b6df00d43140d8ccf8ddc36308ca3f4426b626,few_levels,8,before,build_failed,0,0,,,,,UnscalableComponent: terms 1/2
0319e7a1166f5e8269f61c8507383b9115222a66,12b6df00d43140d8ccf8ddc36308ca3f4426b626,panel,8,before,converged,1,5,0.109996708,0.109758375,0.111996584,17,
0319e7a1166f5e8269f61c8507383b9115222a66,12b6df00d43140d8ccf8ddc36308ca3f4426b626,many_levels,8,before,converged,1,5,0.20668175,0.204453208,0.213040209,33,
0319e7a1166f5e8269f61c8507383b9115222a66,12b6df00d43140d8ccf8ddc36308ca3f4426b626,small,8,after,converged,1,5,0.003809417,0.003607333,0.0040485,7,
0319e7a1166f5e8269f61c8507383b9115222a66,12b6df00d43140d8ccf8ddc36308ca3f4426b626,few_levels,8,after,build_failed,0,0,,,,,UnscalableComponent: terms 1/2
0319e7a1166f5e8269f61c8507383b9115222a66,12b6df00d43140d8ccf8ddc36308ca3f4426b626,panel,8,after,converged,1,5,0.110873416,0.109732292,0.112764583,17,
0319e7a1166f5e8269f61c8507383b9115222a66,12b6df00d43140d8ccf8ddc36308ca3f4426b626,many_levels,8,after,converged,1,5,0.201563,0.199056,0.20823975,33,
